dtfk1,dtsk1,ft2,dtfk3,ft4,dtsk4,ft5,dtfk7,dtsk7,dtfk8,dtfk10,dtsk10,dtfk11,dtfk12,ft12,dtsk12,dtfk13,ft13,dtsk13,dtfk14,gender
47,63,172,62,109,94,156,62,94,78,141,78,94,109,31,79,78,63,94,47,1
62,93,94,62,32,62,125,93,78,78,47,79,110,125,78,156,93,47,78,62,1
63,93,78,94,109,94,140,62,78,93,141,78,94,109,31,79,63,140,47,47,1
109,109,32,78,313,391,47,79,78,94,16,47,62,94,234,78,62,125,16,31,1
78,78,93,93,16,47,578,437,62,78,32,62,47,94,172,16,16,78,94,47,1
32,16,172,78,313,391,79,250,47,90,16,47,62,94,234,78,46,32,62,31,1
78,62,188,62,109,219,15,79,47,78,63,94,63,78,16,78,63,62,78,79,1
63,63,31,62,62,63,47,93,63,63,62,47,47,94,62,16,62,63,78,63,1
78,62,94,47,109,219,32,62,78,79,63,94,63,78,16,78,63,266,109,79,1
119,156,16,94,172,266,47,78,93,94,594,93,109,94,31,78,63,78,15,94,1
94,94,16,78,15,78,31,31,63,63,94,47,110,172,78,63,16,109,78,94,1
15,16,32,93,172,266,16,78,93,62,594,93,109,94,31,78,78,47,110,94,1
78,94,141,78,141,281,47,62,62,125,47,63,93,15,93,16,16,78,94,47,1
47,78,78,63,47,78,47,94,16,187,78,62,16,32,94,156,328,62,47,63,1
235,328,219,62,141,281,31,78,78,63,47,63,93,15,93,16,31,62,328,47,1
79,109,109,94,94,94,312,78,63,63,78,94,78,62,78,78,78,125,63,63,1
94,78,16,62,16,62,188,79,78,62,47,47,78,204,46,79,78,47,78,78,1
78,78,109,63,94,94,172,78,78,78,78,94,78,62,78,78,78,218,79,63,1
109,125,94,94,172,125,156,16,31,94,16,62,141,203,16,78,109,16,94,125,1
125,47,125,16,16,78,109,47,109,109,94,93,94,79,62,47,109,32,78,78,1
93,109,78,31,172,125,547,78,125,78,16,62,141,203,16,78,124,16,78,125,1
94,141,47,94,16,94,47,31,16,4,15,78,16,672,31,78,15,78,32,16,1
110,15,125,63,78,94,625,62,15,172,62,62,78,671,47,125,15,125,15,78,1
31,15,141,16,16,94,656,31,16,72,15,78,16,672,31,78,78,31,109,16,1
62,125,31,94,16,125,32,78,62,78,15,78,94,93,16,94,16,63,31,94,1
62,78,16,62,32,62,16,31,16,63,46,47,94,78,109,94,391,78,15,62,1
16,391,172,62,16,125,16,94,93,77,15,78,94,93,16,94,62,16,62,94,1
94,110,109,109,63,78,94,78,62,109,31,93,94,94,31,109,94,78,78,78,1
110,78,78,93,31,78,141,109,94,93,62,79,75,78,93,47,62,47,78,93,1
109,62,94,62,63,78,78,109,62,110,31,93,94,94,31,109,109,63,78,78,1
78,157,171,63,62,156,32,78,78,140,219,78,31,15,94,484,62,47,78,78,1
94,94,31,79,63,31,15,63,62,31,78,78,15,125,78,62,93,32,78,31,1
94,93,94,78,62,156,47,62,78,78,219,78,31,15,94,484,47,63,31,78,1
47,63,125,47,63,78,156,62,78,78,47,93,172,78,16,125,110,125,93,63,1
78,110,15,94,15,79,16,110,110,62,78,78,78,93,94,16,32,63,47,47,1
16,32,31,78,63,78,16,78,78,78,47,93,172,78,16,125,94,63,93,63,1
47,125,500,94,156,235,31,78,63,78,156,110,156,109,125,62,63,47,265,62,1
250,125,15,94,15,78,125,16,63,62,79,62,203,31,141,343,156,32,93,62,1
78,156,141,63,156,235,46,78,93,78,156,110,156,109,125,62,93,32,78,62,1
78,94,110,78,62,94,141,62,94,78,31,62,78,109,156,110,32,79,78,94,1
110,78,79,78,47,62,109,203,32,62,47,62,156,78,94,156,62,78,78,125,1
94,62,63,94,62,94,94,32,93,110,31,62,78,109,156,110,94,31,63,94,1
109,109,79,94,32,110,62,78,63,79,656,63,32,766,782,15,47,125,16,15,1
63,78,93,93,15,62,703,47,47,16,78,141,110,832,62,32,15,78,15,15,1
94,15,63,63,32,110,15,703,47,62,656,63,32,766,782,15,31,109,16,15,1
78,93,79,78,15,78,94,63,78,94,31,62,63,78,0,94,15,94,469,110,1
94,94,156,204,15,93,125,79,15,15,63,62,63,78,93,32,78,156,78,94,1
94,78,125,78,15,78,125,141,62,78,31,62,63,78,0,94,78,32,109,110,1
93,94,94,78,78,125,94,125,172,94,94,78,94,94,78,78,94,63,109,78,1
250,125,15,110,16,78,62,141,94,47,172,79,265,156,109,16,94,703,62,109,1
140,94,110,172,78,125,93,94,78,156,94,78,94,94,78,78,125,31,110,78,1
562,78,110,78,0,94,109,78,79,94,109,94,94,78,594,125,78,47,78,93,1
93,78,16,109,78,78,78,78,78,62,63,109,94,109,78,63,78,31,78,78,1
156,78,94,79,0,94,78,47,78,78,109,94,94,78,594,125,94,172,94,93,1
125,109,141,93,265,390,63,15,219,109,46,985,203,47,172,359,125,94,141,78,1
38,297,47,594,250,31,15,94,125,94,94,109,16,157,282,15,344,406,16,156,1
16,344,141,219,265,390,46,141,94,94,46,985,203,47,172,359,391,31,109,78,1
94,110,31,141,78,156,63,109,110,94,78,234,234,109,94,63,62,125,94,94,1
78,94,63,128,16,62,78,94,62,641,78,78,156,141,78,140,32,93,47,78,1
125,32,62,110,78,156,62,125,109,94,78,234,234,109,94,63,109,156,63,94,1
141,93,172,94,391,110,15,78,79,125,297,235,297,93,282,109,344,62,360,93,1
93,93,31,93,47,94,15,16,344,125,78,94,172,78,141,15,62,94,344,94,1
234,62,16,79,391,110,15,125,109,94,297,235,297,93,282,109,94,141,266,93,1
62,109,234,78,15,109,16,46,63,63,94,94,109,94,47,125,15,78,47,62,1
63,94,16,79,63,31,15,78,15,93,78,62,94,109,78,110,62,31,63,63,1
78,62,203,63,15,109,16,62,79,78,94,94,109,94,47,125,94,46,47,62,1
141,82,121,102,53,91,259,31,16,125,156,78,110,110,343,125,110,31,125,94,1
109,62,78,16,15,63,172,219,110,16,79,93,94,125,125,250,110,15,109,156,1
125,110,78,16,53,91,223,156,78,171,156,78,110,110,343,125,109,16,125,94,1
94,78,94,78,15,63,62,62,46,31,78,79,63,78,16,62,79,15,47,15,1
78,62,94,156,79,62,63,78,79,15,63,125,78,109,172,15,63,47,78,109,1
140,63,78,46,15,63,62,110,16,110,78,79,63,78,16,62,79,78,62,15,1
125,94,125,63,63,78,125,46,63,125,265,78,141,62,32,109,41,65,78,78,1
172,78,31,62,31,94,125,172,41,63,31,79,156,126,46,219,47,63,62,78,1
94,47,62,63,63,78,125,32,62,94,265,78,141,62,32,109,46,47,94,78,1
78,110,125,78,156,141,16,78,94,109,47,94,94,187,16,94,109,32,109,79,1
203,125,125,32,16,62,15,109,109,78,63,79,78,110,93,32,78,16,93,94,1
78,78,125,94,156,141,109,94,63,63,47,94,94,187,16,94,63,62,47,79,1
62,78,125,47,47,62,141,62,78,78,78,79,79,63,15,78,47,94,63,78,1
78,62,110,78,32,93,157,94,47,78,47,47,109,125,47,78,47,47,62,63,1
63,47,94,78,47,62,140,78,63,63,78,79,79,63,15,78,78,62,63,78,1
94,93,157,47,250,328,62,47,125,422,62,344,140,47,125,78,62,125,125,78,1
313,32,47,141,79,31,62,140,62,359,62,78,16,94,78,62,156,16,78,62,1
78,156,47,125,250,328,63,109,62,94,62,344,140,47,125,78,79,31,109,78,1
93,93,94,78,234,94,47,63,47,79,78,78,63,78,828,78,78,297,78,63,1
63,62,141,78,188,62,63,78,78,93,62,62,78,94,62,344,94,484,79,78,1
62,94,94,47,234,94,203,78,47,62,78,78,63,78,828,78,62,375,63,63,1
93,93,63,94,110,250,63,125,0,187,78,63,125,109,32,93,47,78,78,93,1
78,94,47,62,31,78,16,78,47,62,63,63,125,94,93,547,0,78,31,62,1
31,0,93,0,110,250,938,109,78,94,78,63,125,109,32,93,78,63,187,93,1
156,94,16,93,32,171,16,63,63,156,31,375,156,63,16,78,47,78,16,78,1
62,94,141,63,93,47,31,94,47,93,63,78,78,16,109,0,62,16,62,94,1
47,62,16,63,32,171,31,62,109,125,31,375,156,63,16,78,94,62,78,78,1
125,110,78,78,94,78,203,141,78,78,141,63,94,93,16,78,78,78,78,93,1
187,78,125,94,31,63,0,94,78,93,234,110,110,94,93,32,78,32,62,94,1
78,78,109,78,94,78,171,109,62,79,141,63,94,93,16,78,78,16,78,93,1
125,94,203,109,250,78,110,125,63,62,94,110,47,94,265,94,63,422,78,93,1
110,94,62,78,219,93,78,62,63,109,93,63,78,156,94,140,93,547,94,110,1
94,93,109,63,250,78,250,94,78,109,94,110,47,94,265,94,93,203,63,93,1
63,93,125,47,93,156,31,78,78,141,78,73,78,79,15,110,78,78,47,62,1
62,47,140,63,16,47,594,62,78,78,62,63,140,47,110,62,31,47,63,63,1
78,31,94,78,93,156,16,94,63,78,78,73,78,79,15,110,78,172,78,62,1
109,110,47,109,391,438,31,78,94,110,94,78,109,109,16,78,15,78,31,78,1
94,109,63,78,141,78,32,31,15,63,63,78,125,687,94,78,32,110,31,78,1
78,32,31,94,391,438,31,110,94,0,94,78,109,109,16,78,94,62,63,78,1
125,110,46,125,485,594,47,78,62,125,47,78,47,125,16,93,0,125,62,78,1
93,94,31,78,47,78,31,32,0,78,62,62,125,172,78,94,94,15,63,94,1
156,94,47,62,485,594,16,125,94,109,47,78,47,125,16,93,93,125,94,78,1
62,93,110,47,125,63,171,62,78,78,63,93,78,78,172,78,63,78,63,46,1
172,93,94,78,46,47,31,78,63,78,62,63,78,125,62,47,63,125,31,62,1
62,63,78,78,125,63,47,62,62,62,63,93,78,78,172,78,78,62,32,46,1
93,156,16,172,128,225,40,63,78,15,47,109,78,47,15,62,32,93,16,94,1
78,109,47,109,47,62,734,79,32,109,78,78,79,110,94,78,78,0,63,15,1
78,78,63,78,128,225,47,94,172,47,47,109,78,47,15,62,47,78,47,94,1
63,63,93,63,63,140,188,63,94,78,47,141,78,47,78,62,47,109,47,93,1
62,125,93,94,62,78,207,94,47,94,47,63,78,93,110,78,47,438,62,94,1
62,47,109,94,63,140,687,125,78,63,47,141,78,47,78,62,94,47,62,93,1
78,94,78,78,271,380,47,47,62,94,47,63,125,47,15,78,32,94,31,62,1
62,78,110,78,32,78,47,62,32,78,63,63,312,62,94,141,62,32,62,78,1
63,62,125,62,271,380,140,62,32,76,47,63,125,47,15,78,79,31,156,62,1
78,94,109,78,140,79,250,47,62,62,125,63,63,63,125,62,63,125,62,62,1
63,78,109,63,94,62,125,78,63,78,62,63,78,110,62,78,78,63,46,63,1
63,78,125,62,140,79,172,63,83,47,125,63,63,63,125,62,78,78,47,62,1
126,125,94,78,31,172,31,94,93,109,0,453,140,32,46,79,31,94,78,78,1
125,125,172,109,15,78,125,31,31,94,93,78,829,109,78,110,62,47,94,157,1
141,62,109,93,31,172,93,94,94,94,0,453,140,32,46,79,109,0,110,78,1
62,110,62,78,78,62,94,78,94,93,32,110,78,141,0,78,31,79,46,78,1
94,78,156,47,61,52,94,63,31,47,78,63,62,141,94,15,31,31,94,78,1
94,31,110,94,78,62,78,94,78,109,32,110,78,141,0,78,78,47,78,78,1
125,94,109,78,188,78,31,110,78,109,78,62,78,93,125,110,125,125,125,78,1
156,62,63,109,0,78,31,156,125,78,78,63,62,125,94,235,125,0,94,62,1
109,125,110,78,188,78,0,156,94,78,78,62,78,93,125,110,125,31,109,78,1
125,109,15,125,109,203,47,31,31,47,16,94,157,31,31,47,156,110,62,78,1
47,16,62,31,94,0,140,0,156,125,78,78,0,78,156,16,31,125,15,63,1
16,31,47,31,109,203,15,125,109,78,16,94,157,31,31,47,94,0,62,78,1
141,110,250,94,203,78,249,78,407,78,234,93,94,78,47,109,78,391,109,78,1
109,93,93,109,157,78,204,78,78,109,281,93,94,213,94,110,78,516,78,94,1
110,78,110,407,203,78,63,94,78,78,234,93,94,78,47,109,93,235,78,78,1
156,47,62,140,79,110,15,78,110,94,63,79,63,63,31,63,48,5,84,46,1
15,31,79,93,94,31,0,16,48,46,31,63,16,31,109,31,16,94,0,16,1
63,16,328,110,79,110,125,625,79,93,63,79,63,63,31,63,16,110,15,46,1
156,125,109,109,109,157,156,110,93,218,94,63,94,47,157,171,110,93,161,141,1
125,109,16,94,141,47,0,125,110,297,93,62,16,47,172,78,531,140,516,125,1
250,531,16,93,109,157,156,141,78,110,94,63,94,47,157,171,93,110,109,141,1
125,125,94,94,125,125,78,109,93,78,94,94,125,109,110,93,94,47,109,109,1
141,125,125,94,47,109,32,110,94,109,47,78,156,187,94,453,94,31,125,109,1
109,94,31,93,125,125,47,125,78,110,94,94,125,109,110,93,94,78,141,109,1
78,109,78,63,125,94,219,78,63,94,93,78,78,94,46,63,63,94,78,110,1
109,62,109,62,31,78,187,110,63,94,78,47,94,125,63,109,63,16,93,78,1
78,63,110,63,125,94,234,93,63,94,93,78,78,94,46,63,63,31,94,110,1
93,110,93,171,47,156,32,94,109,141,15,94,250,125,16,114,78,109,16,125,1
94,109,140,110,0,63,78,62,78,94,62,93,125,110,93,110,62,140,16,78,1
250,62,63,109,47,156,79,141,94,94,15,94,250,125,16,114,125,0,109,125,1
125,78,94,78,16,141,62,78,78,140,47,63,62,109,78,16,0,110,15,110,1
78,94,109,125,78,63,15,78,0,172,78,63,78,31,109,187,94,15,94,94,1
78,94,93,78,16,141,0,140,62,78,47,63,62,109,78,16,78,141,78,110,1
93,94,141,109,16,203,15,125,94,78,157,125,94,141,94,78,94,109,125,109,1
172,78,0,94,32,78,16,109,94,94,110,79,109,375,78,109,15,78,0,78,1
62,15,219,94,16,203,47,47,172,78,157,125,94,141,94,78,78,15,141,109,1
94,125,94,109,109,203,78,125,110,110,156,125,109,109,110,93,78,94,78,94,1
500,156,16,109,47,62,15,46,78,110,79,94,78,94,94,172,79,78,78,78,1
93,79,109,110,109,203,47,141,110,78,156,125,109,109,110,93,94,484,203,94,1
156,78,63,141,31,78,32,15,31,78,94,62,47,62,47,63,31,78,0,0,1
78,32,125,47,156,16,625,47,31,31,31,62,94,47,109,31,32,78,31,31,1
78,32,47,31,31,78,193,78,93,16,94,62,47,62,47,63,0,79,78,0,1
110,109,63,141,31,125,31,63,203,203,125,93,47,31,16,63,46,109,16,15,1
47,109,547,94,110,94,0,0,46,16,47,79,0,1000,78,156,0,94,15,0,1
32,0,63,203,31,125,720,250,453,94,125,93,47,31,16,63,93,63,219,15,1
94,62,125,63,172,78,31,78,62,63,40,106,47,63,94,62,63,94,62,78,1
78,62,125,63,62,63,250,94,63,78,47,31,78,101,176,13,63,78,62,62,1
63,63,126,62,172,78,188,78,63,74,40,106,47,63,94,62,62,141,235,78,1
78,110,78,109,79,109,31,47,78,110,141,109,140,109,203,63,32,78,109,63,2
78,78,47,93,63,62,31,94,32,78,78,63,109,125,63,94,78,265,110,78,2
78,78,31,78,79,109,16,125,109,63,141,109,140,109,203,63,78,219,78,63,2
375,78,94,62,156,250,31,109,94,109,156,62,94,109,47,78,156,63,109,93,2
94,78,31,63,47,62,32,47,156,78,63,63,79,94,62,266,16,78,31,110,2
171,16,63,94,156,250,94,63,62,109,156,62,94,109,47,78,78,110,172,93,2
109,172,31,78,141,250,47,62,62,47,63,78,32,16,78,16,16,78,47,63,2
63,109,62,94,172,16,47,47,16,94,15,78,31,968,63,125,16,78,16,63,2
32,16,188,62,141,250,1000,94,78,91,63,78,32,16,78,16,110,15,93,63,2
62,109,16,62,31,109,31,62,78,62,16,359,218,16,47,62,16,78,16,47,2
47,94,15,63,16,47,15,31,16,62,62,94,94,94,156,16,16,78,15,63,2
63,16,203,78,31,109,31,125,78,62,16,359,218,16,47,62,47,15,94,47,2
172,94,94,78,31,140,31,93,94,94,125,109,62,78,94,109,125,78,94,78,2
219,94,16,94,62,78,16,31,125,94,78,63,94,109,78,78,16,78,46,78,2
140,16,31,94,31,140,16,109,78,62,125,109,62,78,94,109,78,94,78,78,2
57,113,168,69,63,80,442,89,79,79,47,78,69,63,78,109,81,37,78,33,2
192,79,80,98,31,78,411,89,81,94,58,150,78,141,62,141,79,13,85,78,2
74,79,136,79,63,80,185,11,31,47,47,78,69,63,78,109,78,15,94,33,2
110,125,31,94,63,172,47,79,78,109,110,78,156,78,47,125,15,63,78,78,2
94,94,125,78,16,78,31,109,15,110,78,63,110,109,94,62,410,94,62,109,2
187,410,15,78,63,172,15,93,94,141,110,78,156,78,47,125,125,266,109,78,2
93,125,47,63,32,187,0,63,78,78,16,78,94,63,15,78,20,88,78,109,2
125,94,125,94,16,62,31,47,20,94,47,63,94,109,172,15,32,32,421,63,2
78,32,32,78,32,187,47,63,78,94,16,78,94,63,15,78,125,15,125,109,2
62,78,109,63,219,62,31,63,47,94,547,1015,79,63,203,62,62,188,46,47,2
62,63,125,47,63,78,94,79,62,63,31,62,93,188,62,485,47,172,63,63,2
31,47,125,47,219,62,78,94,47,63,547,1015,79,63,203,62,63,125,78,47,2
109,109,79,78,63,109,47,94,94,94,63,109,78,94,47,78,47,78,63,79,2
94,78,15,78,31,110,78,16,47,109,78,78,109,94,94,62,78,78,94,78,2
125,78,78,94,63,109,78,94,78,94,63,109,78,94,47,78,94,31,141,79,2
93,125,47,110,31,79,31,78,46,110,31,79,125,110,15,94,31,78,16,94,2
94,62,62,62,32,78,59,62,31,94,63,93,79,78,78,0,62,32,93,93,2
79,62,156,46,31,79,31,78,94,78,31,79,125,110,15,94,62,32,78,94,2
94,78,125,79,15,140,47,109,62,110,47,78,94,78,0,78,16,78,0,94,2
94,63,62,62,32,94,16,31,16,78,63,78,78,94,78,31,78,15,79,62,2
62,78,94,62,15,140,63,62,78,109,47,78,94,78,0,78,94,15,110,94,2
63,63,219,46,62,78,125,62,62,156,94,156,63,110,234,31,47,78,110,62,2
63,78,47,47,47,63,62,110,47,78,32,47,62,140,63,94,16,78,47,47,2
203,16,203,62,62,78,46,62,62,47,94,156,63,110,234,31,62,47,63,62,2
140,141,31,109,62,172,15,94,63,94,78,62,141,110,109,94,16,93,32,94,2
125,110,16,94,32,78,46,16,16,94,47,46,109,110,78,47,16,78,47,78,2
31,16,31,63,62,172,94,79,94,516,78,62,141,110,109,94,79,46,94,94,2
63,78,94,62,63,78,62,63,62,78,109,94,78,63,78,62,47,31,78,63,2
78,79,109,62,78,63,125,78,47,63,62,63,78,79,93,78,78,47,62,78,2
94,78,109,62,63,78,125,62,63,78,109,94,78,63,78,62,63,31,125,63,2
109,63,47,31,47,125,47,93,78,78,15,78,47,16,110,62,16,47,94,78,2
47,78,78,78,93,32,500,609,16,16,31,78,31,78,109,62,0,94,16,16,2
94,0,78,78,47,125,47,31,94,78,15,78,47,16,110,62,16,93,78,78,2
94,109,703,78,157,78,172,79,93,94,141,79,79,78,63,93,94,15,94,62,2
94,93,110,78,0,94,157,125,94,110,94,78,78,141,78,94,78,47,78,78,2
110,78,125,93,157,78,156,140,78,79,141,79,79,78,63,93,94,156,94,62,2
94,62,141,63,94,78,187,63,47,63,156,109,78,78,188,78,78,78,78,47,2
94,63,125,78,63,62,62,62,78,78,63,78,63,156,62,125,63,78,62,63,2
63,63,125,47,94,78,140,63,78,62,156,109,78,78,188,78,47,47,94,47,2
78,157,62,125,0,78,78,63,78,266,78,62,31,46,93,0,31,94,47,78,2
94,94,47,125,78,47,47,62,31,156,94,63,15,1390,63,141,16,94,94,93,2
47,16,94,78,0,78,15,125,94,31,78,62,31,46,93,0,63,31,156,78,2
62,109,78,94,62,109,31,94,31,110,63,94,141,15,93,32,31,78,63,78,2
78,93,109,94,78,31,31,78,31,156,94,46,63,0,125,500,78,78,94,63,2
78,78,46,31,62,109,0,78,109,63,63,94,141,15,93,32,78,94,78,78,2
